{
    "nombre_modelo": "LSTM",
    "fecha_entrenamiento": "2026-02-08T21:27:59.524408",
    "version": "1.0.0",
    "target": "temperature_2m_target",
    "arquitectura": {
        "window_size": 48,
        "horizon": 3,
        "units": 64,
        "dropout": 0.2,
        "learning_rate": 0.001
    },
    "metricas": {
        "test_rmse": 1.3180731534957886,
        "test_mae": 1.0341370105743408,
        "final_train_rmse": 1.390690565109253,
        "final_val_rmse": 1.52354896068573,
        "final_train_mae": 1.0862462520599365,
        "final_val_mae": 1.2023612260818481,
        "best_val_loss": 1.7304993867874146,
        "best_epoch": 37,
        "epochs_trained": 57
    },
    "features": [
        "temperature_2m",
        "relative_humidity_2m",
        "wind_speed_10m",
        "temperature_2m_lag_1",
        "temperature_2m_lag_2",
        "temperature_2m_lag_3",
        "temperature_2m_lag_24",
        "wind_speed_10m_lag_1",
        "wind_speed_10m_lag_2",
        "wind_speed_10m_lag_6",
        "wind_speed_10m_lag_12",
        "wind_speed_10m_lag_24",
        "relative_humidity_2m_lag_1",
        "relative_humidity_2m_lag_2",
        "relative_humidity_2m_lag_36",
        "relative_humidity_2m_lag_12",
        "relative_humidity_2m_lag_24",
        "dayofweek",
        "month",
        "hour",
        "sin_comp",
        "cos_comp"
    ],
    "n_features": 22,
    "n_muestras_train": 2405,
    "n_muestras_val": 384,
    "n_muestras_test": 673,
    "ruta_modelo": "models/lstm_final.h5",
    "ruta_curvas_aprendizaje": "reports/figures/curvas aprendizaje/lstm_sol/lstm_learning_curves.png",
    "scaler_info": {
        "tipo": "StandardScaler",
        "parametros": {
            "mean": [
                14.643201657280853,
                76.84620582120583,
                5.447247912079013,
                14.643068254634231,
                14.642904533207293,
                14.642717423000356,
                14.642018357702039,
                5.446433636276097,
                5.445638417993683,
                5.442940912861442,
                5.4400658263346635,
                5.435240809223405,
                76.85067567567567,
                76.85528413028413,
                77.02974705474705,
                76.90276334026333,
                76.96235273735273,
                3.0018364518364518,
                2.258004158004158,
                11.5,
                1.9234633136263972e-21,
                0.0
            ],
            "scale": [
                4.9564178422681,
                22.97861504292581,
                3.923619049369076,
                4.955655463701813,
                4.954842745207118,
                4.953985002400706,
                4.932415499934935,
                3.923357755987018,
                3.923101420169215,
                3.922288767874075,
                3.9210302095336513,
                3.9176583230797006,
                22.976610999957437,
                22.97435529419528,
                22.87120296859262,
                22.946833515455047,
                22.913472854683864,
                1.982493570664843,
                0.9969617921226467,
                6.922186552431729,
                0.7071067728187382,
                0.7071067728187382
            ]
        }
    }
}